<?xml version="1.0" encoding="UTF-8" standalone="no"?>
<content version="4">
<metadata>
<development-component>
<name>ejb01</name>
<vendor>demo.sap.com</vendor>
<component-type>
<vendor>sap.com</vendor>
<type>J2EE</type>
<sub-type>EJBModule</sub-type>
</component-type>
</development-component>
<public-part>
<name>client</name>
<purpose>compilation</purpose>
</public-part>
<dependencies>
<dependency>
<dc-ref>
<name>engine.jee5.facade</name>
<vendor>sap.com</vendor>
<component-type>
<vendor>sap.com</vendor>
<type>J2EE Server Component</type>
<sub-type>Primary Library</sub-type>
</component-type>
</dc-ref>
<pp-ref purpose="compilation">api</pp-ref>
<at-build-time/>
</dependency>
</dependencies>
</metadata>
<source-components/>
<archives>
<archive location="javalib" path="lib/java/demo.sap.com~ejb01~client.jar" type="jar">
<property key="attributes">jar,java-library</property>
</archive>
<archive location="srcarchive" path="src/java/src.zip" type="zip"/>
</archives>
<entities>
<entity>
<name>SampleClass</name>
<package>com/test/ejb01</package>
<entity-type>Java Class</entity-type>
<entity-sub-type>Class</entity-sub-type>
<entity-type-vendor>sap.com</entity-type-vendor>
<fileset location="javalib" source-location="gen" source-path="classes/com/test/ejb01/">
<file path="com/test/ejb01/SampleClass.class" source-path="SampleClass.class"/>
</fileset>
<fileset location="srcarchive" source-location="DC" source-path="ejbModule/com/test/ejb01/">
<file path="com/test/ejb01/SampleClass.java" source-path="SampleClass.java"/>
</fileset>
</entity>
<entity>
<name>SampleClassRemote</name>
<package>com/test/ejb01</package>
<entity-type>Java Class</entity-type>
<entity-sub-type>Class</entity-sub-type>
<entity-type-vendor>sap.com</entity-type-vendor>
<fileset location="javalib" source-location="gen" source-path="classes/com/test/ejb01/">
<file path="com/test/ejb01/SampleClassRemote.class" source-path="SampleClassRemote.class"/>
</fileset>
<fileset location="srcarchive" source-location="DC" source-path="ejbModule/com/test/ejb01/">
<file path="com/test/ejb01/SampleClassRemote.java" source-path="SampleClassRemote.java"/>
</fileset>
</entity>
</entities>
</content>
