<?xml version="1.0" encoding="UTF-8" standalone="no"?>
<content version="4">
<metadata>
<development-component>
<name>ejb01</name>
<vendor>demo.sap.com</vendor>
<component-type>
<vendor>sap.com</vendor>
<type>J2EE</type>
<sub-type>EJBModule</sub-type>
</component-type>
</development-component>
<public-part>
<name>ejbjar</name>
<purpose>assembly</purpose>
</public-part>
<dependencies>
<dependency>
<dc-ref>
<name>engine.jee5.facade</name>
<vendor>sap.com</vendor>
<component-type>
<vendor>sap.com</vendor>
<type>J2EE Server Component</type>
<sub-type>Primary Library</sub-type>
</component-type>
</dc-ref>
<pp-ref purpose="compilation">api</pp-ref>
<at-build-time/>
</dependency>
</dependencies>
</metadata>
<source-components/>
<archives>
<archive location="javalib" path="lib/java/demo.sap.com~ejb01.jar" type="jar">
<property key="attributes">J2EE-Module[module-type[ejb]],jar</property>
</archive>
<archive location="srcarchive" path="src/java/src.zip" type="zip"/>
</archives>
<entities>
<entity>
<name>demo.sap.com~ejb01</name>
<entity-type>EJB-JAR</entity-type>
<entity-type-vendor>sap.com</entity-type-vendor>
<fileset location="javalib" source-location="DC" source-path="ejbModule">
<file path="META-INF/MANIFEST.MF"/>
<file path="META-INF/ejb-j2ee-engine.xml"/>
</fileset>
<fileset location="javalib" source-location="gen" source-path="classes">
<file path="com/test/ejb01/SampleClass.class"/>
<file path="com/test/ejb01/SampleClassRemote.class"/>
</fileset>
<fileset location="srcarchive" source-location="DC" source-path="ejbModule">
<file path="com/test/ejb01/SampleClass.java"/>
<file path="com/test/ejb01/SampleClassRemote.java"/>
</fileset>
</entity>
</entities>
</content>
